g_ewaran,g_parallel,g_zankoline,p_ewaran,p_parallel,p_zankoline,department,collage-institute,university
,98.8,100,,98.4,99,پزیشکی,پزیشکی,هەولێری پزیشکی
,98,98.667,,97.667,98,پزیشکی ددان,پزیشکی,هەولێری پزیشکی
,97.667,98.333,,97.514,97.714,دەرمانسازی,پزیشکی,هەولێری پزیشکی
,97.2,97.667,,95.714,97.143,مایكرۆبایۆلۆجی پزیشكی,زانستە تەندروستیەکان,هەولێری پزیشکی
,94.8,96.4,,94,96,کیمیای ژیانی کلینیکی,زانستە تەندروستیەکان,هەولێری پزیشکی
,92.667,95.333,,91.333,93.6,چارەسەری سروشتی,زانستە تەندروستیەکان,هەولێری پزیشکی
,94.8,96.8,,94.333,95.333,پەرستاری,پەرستاری,هەولێری پزیشکی
,97.5,97.44,,95.847,96.76,تەلارسازی,ئەندازیاری,سەڵاحەدین
,96.96,97.6,,95.555,96.543,پرۆگرام سازی,ئەندازیاری,سەڵاحەدین
,95.2,95.867,,93,94.28,شارستانی,ئەندازیاری,سەڵاحەدین
,91,94.9,,89.188,92.24,کیمیا و پترۆ کیمیا,ئەندازیاری,سەڵاحەدین
,89.247,94.96,,88.167,90.067,کارەبا,ئەندازیاری,سەڵاحەدین
,,92.8,,,89.967,ئەندازیاری فرۆکەوانی,ئەندازیاری,سەڵاحەدین
,90.567,94.767,,86.12,88.667,میکانیک و میکاترۆنیک,ئەندازیاری,سەڵاحەدین
,87.28,88.933,,84.7,87.4,ڕووپێوان,ئەندازیاری,سەڵاحەدین
,89.6,90.233,,82.6,85.04,سەرچاوەکانی ئاو,ئەندازیاری,سەڵاحەدین
,93.2,95.667,,92,94.157,بایۆلۆجی پزیشکی,زانست,سەڵاحەدین
,92.6,94.3,,88.86,92.865,بایۆلۆجی گشتی,زانست,سەڵاحەدین
,88.18,92.5,,86.023,88.72,کیما,زانست,سەڵاحەدین
,89.667,94.1,,85.62,88.46,تەکنەلۆجیای زانیاری IT,زانست,سەڵاحەدین
,87,94.4,,85.4,87.9,فیزیای پزیشکی,زانست,سەڵاحەدین
,85.3,88.9,,84.038,86.888,زانستەکانی کۆمپیوتەر CS,زانست,سەڵاحەدین
,78.4,84.4,,75.813,79.103,فیزیای گشتی,زانست,سەڵاحەدین
,81.1,79.6,,72,74.9,فیزیای گەیاندن,زانست,سەڵاحەدین
,73.124,83.121,,67,73.2,زانستەکانی زەوی و نەوت,زانست,سەڵاحەدین
,70.1,78.9,,62.47,68.4,ماتماتیک,زانست,سەڵاحەدین
,69.283,76.508,,62.27,67.937,زانست و تەندروستی ژینگە,زانست,سەڵاحەدین
,84,91.8,,80.8,85,یاسا,یاسا,سەڵاحەدین
,83.633,89.2,,79.8,84.2,زمانی ئینگلیزی,زمان,سەڵاحەدین
,70.2,77.4,,65.573,69,زمانی عەرەبی,زمان,سەڵاحەدین
,64.9,70.8,,62.6,66.791,زمانی کوردی,زمان,سەڵاحەدین
,60.75,63.3,,58.15,63.5,زمانی فارسی,زمان,سەڵاحەدین
,64.8,68,,63.2,63,زمانی ئەلمانی,زمان,سەڵاحەدین
,67.3,69.313,,63.3,62.6,زمانی فەرەنسی,زمان,سەڵاحەدین
,63.191,69.6,,61.8,61.6,زمانی تورکی,زمان,سەڵاحەدین
75.6,73.831,80.4,62.565,68.681,75,کارگێری کار,بەرێوەبردن و ئابوری,سەڵاحەدین
63.9,74.1,80.3,58.5,66,72.4,ئابوری,بەرێوەبردن و ئابوری,سەڵاحەدین
,69.87,76.3,,65.231,69.805,ژمێریاری,بەرێوەبردن و ئابوری,سەڵاحەدین
,65.1,69.614,,62.9,65.458,زانستی دارایی و بانک,بەرێوەبردن و ئابوری,سەڵاحەدین
,60.923,68.3,,57.53,62.2,ئامار,بەرێوەبردن و ئابوری,سەڵاحەدین
60,61.6,67,60,57,61,کارگێری رێکخراوی گەشتیاری,بەرێوەبردن و ئابوری,سەڵاحەدین
75.85,82.7,83.5,72.6,76.229,79.236,زمانی ئینگلیزی,پەروەردەی بنەرەت,سەڵاحەدین
,76.4,77.96,,66.538,71.861,زانستی گشتی,پەروەردەی بنەرەت,سەڵاحەدین
66.4,71.1,84.3,60.5,65.7,71.2,زانستی کۆمەڵایەتیەکان,پەروەردەی بنەرەت,سەڵاحەدین
67.373,70.1,74.3,63,66.3,70.6,زمانی عەرەبی,پەروەردەی بنەرەت,سەڵاحەدین
66.3,68.833,73.3,61.6,65.9,69.1,زمانی کوردی,پەروەردەی بنەرەت,سەڵاحەدین
,66.804,71.4,,64.1,67.1,ماتماتیک,پەروەردەی بنەرەت,سەڵاحەدین
,69,71.6,,63.031,65,باخچەی منداڵان,پەروەردەی بنەرەت,سەڵاحەدین
61.6,70,77.2,60.405,65.9,72.296,مێژوو,ئاداب,سەڵاحەدین
63.3,72.1,77.7,58.15,66.1,71.2,جوگرافیا,ئاداب,سەڵاحەدین
65.4,69,72.8,57.4,62.6,66.142,راگەیاندن,ئاداب,سەڵاحەدین
65.238,68.2,74.2,57.339,63.6,66.01,دەرونناسی,ئاداب,سەڵاحەدین
,66,69.9,,59.612,65.4,شوێنەوار,ئاداب,سەڵاحەدین
59.8,62.6,67.4,57.2,60.2,62.2,کۆمەلناسی,ئاداب,سەڵاحەدین
,61.4,65.2,,57.8,61.4,فەلسەفە,ئاداب,سەڵاحەدین
58.445,66.266,66.5,66.9,59.8,60.827,کاری کۆمەالیەتی,ئاداب,سەڵاحەدین
,60.12,62.76,,55.549,57.841,گشت بەشەکان,زانستە ئەندازیاریە کشتوکاڵییەکان,سەڵاحەدین
,74.8,80.6,,68.9,75,نێودەوڵەتیەکان و دیبلۆماسی,زانستە سیاسیەکان,سەڵاحەدین
,71.2,77.1,,63.468,68.4,سیاسیەکان و سیاسەتی گشتی,زانستە سیاسیەکان,سەڵاحەدین
,55,60,,55,60,خوێندنی ئیسالمی,زانستە ئیسالمیەکان,سەڵاحەدین
,55,60,,55,60,شەریعە,زانستە ئیسالمیەکان,سەڵاحەدین
,55,60,,55,60,پەروەردەی ئاینی,زانستە ئیسالمیەکان,سەڵاحەدین
,55,60,,55,60,سینەما و شانۆ,هونەرە جوانەکان,سەڵاحەدین
,55,60,,55,60,شێوەکاری,هونەرە جوانەکان,سەڵاحەدین
,55,60,,55,60,مۆسیقا,هونەرە جوانەکان,سەڵاحەدین
,84.9,93.1,,78.7,84.142,زمانی ئینگلیزی,پەروەردە,سەڵاحەدین
,80,85.2,,74.8,81.2,بایۆلۆجی,پەروەردە,سەڵاحەدین
,75.1,81.5,,71.8,76.9,کیمیا,پەروەردە,سەڵاحەدین
,72.8,81.7,,68.2,74.3,زمانی عەرەبی,پەروەردە,سەڵاحەدین
,73.5,77.5,,68,73.3,فیزیک,پەروەردە,سەڵاحەدین
,69.5,79,,66.1,71.6,زمانی کوردی,پەروەردە,سەڵاحەدین
,70.086,75.8,,65.3,69.922,ماتماتیک,پەروەردە,سەڵاحەدین
,65.032,67.385,,65.032,67.385,زمانی سریانی,پەروەردە,سەڵاحەدین
,66.262,72.2,,61.804,64.4,رێنمایی پەروەردەیی و دەرونی,پەروەردە,سەڵاحەدین
,64.4,68.8,,60.559,62.4,پەروەردەی تایبەت,پەروەردە,سەڵاحەدین
,77.7,84.7,,76.106,80.8,زمانی ئینگلیزی,پەروەردە - شەقلاوە,سەڵاحەدین
,75.8,82.2,,71,76.844,بایۆلۆجی,پەروەردە - شەقلاوە,سەڵاحەدین
,69.941,75.6,,66.154,69.7,فیزیک,پەروەردە - شەقلاوە,سەڵاحەدین
63.75,67.122,75.4,57,64,69.1,زمانی عەرەبی,پەروەردە - شەقلاوە,سەڵاحەدین
62.353,64.8,71.6,57.7,62.559,66.4,زمانی کوردی,پەروەردە - شەقلاوە,سەڵاحەدین
,55,60,,55,60,وەرزش,پەروەردە - شەقلاوە,سەڵاحەدین
,65.4,71.5,,63.3,65.1,زمانی عەرەبی,پەروەردە - مەخمور,سەڵاحەدین
,64.493,69,,61.8,61.4,زمانی کوردی,پەروەردە - مەخمور,سەڵاحەدین
,55,60,,55,60,پەروەردەی جەستەیی و وەرزشیەکان,پەروەردەی جەستەیی و وەرزشیەکان,سەڵاحەدین
,95.6,96.8,,93.714,95,شیکاری نەخۆشی,تەکنیکی تەندروستی و پزیشکی,پۆلیتەکنیکی هەولێر
,90.8,93.667,,89.333,91.143,چارەسەری سروشتی,تەکنیکی تەندروستی و پزیشکی,پۆلیتەکنیکی هەولێر
,91.533,95.2,,89.28,91.2,ت. ئەندازیاری سیستەمی زانیاری IS,تەکنیکی ئەندازیاری هەولێر,پۆلیتەکنیکی هەولێر
,92.067,93.333,,88.76,90.2,تەکنیکی ئەندازیاری شارستانی,تەکنیکی ئەندازیاری هەولێر,پۆلیتەکنیکی هەولێر
,83.6,88.133,,79.492,83.703,تەکنیکی ئەندازیاری ڕێگا و بان,تەکنیکی ئەندازیاری هەولێر,پۆلیتەکنیکی هەولێر
,88.16,86.633,,78.546,82.6,تەکنیکی ئەندازیاری میکانیک وزە,تەکنیکی ئەندازیاری هەولێر,پۆلیتەکنیکی هەولێر
,75.6,85.1,,71,74.9,تەکنەلۆجیای زانیاری وگەیاندن ICT,تەکنەلۆجی هەولێر,پۆلیتەکنیکی هەولێر
,67.6,77.8,,62.6,63.7,تەکنەلۆجیای پترۆل,تەکنەلۆجی هەولێر,پۆلیتەکنیکی هەولێر
,67.4,78.2,,58.877,62.2,تەکنەلۆجیای کەرەستە و بیناکاری,تەکنەلۆجی هەولێر,پۆلیتەکنیکی هەولێر
,64.9,78.1,,60.2,62.155,ڕێگاوبان و ڕوپێوان/رووپێوان,تەکنەلۆجی هەولێر,پۆلیتەکنیکی هەولێر
,69.1,70,,58.603,60.267,ڕێگاوبان و ڕوپێوان/ڕێگاوبان,تەکنەلۆجی هەولێر,پۆلیتەکنیکی هەولێر
,58.7,64.2,,57.657,58.6,میکانیک و کانزاکان/کانزاکان و لکاندن,تەکنەلۆجی هەولێر,پۆلیتەکنیکی هەولێر
,64.6,74.4,,57.8,58.035,تەکنەلۆجیای ئۆتۆمبێل,تەکنەلۆجی هەولێر,پۆلیتەکنیکی هەولێر
,61.607,72.3,,58.4,58,میکانیک و کانزاکان/میکانیک و وزە,تەکنەلۆجی هەولێر,پۆلیتەکنیکی هەولێر
,59.026,73.9,,57.937,57.875,تەکنەلۆجیای ئۆتۆماتیکی پیشەسازی,تەکنەلۆجی هەولێر,پۆلیتەکنیکی هەولێر
80.286,87.429,94.571,75.429,83.143,86.571,شیکاری نەخۆشی,تەکنیکی شەقلاوە,پۆلیتەکنیکی هەولێر
79.143,85.143,89.143,76.286,79.453,83.143,پەرستاری,تەکنیکی شەقلاوە,پۆلیتەکنیکی هەولێر
71.143,79.014,86.286,61.429,64.571,68.644,ڤێتێرنەری,تەکنیکی شەقلاوە,پۆلیتەکنیکی هەولێر
63.2,66.2,74.7,60.374,63.7,67.7,تەکنەلۆجیای زانیاری IT,تەکنیکی شەقلاوە,پۆلیتەکنیکی هەولێر
60.3,63.9,73.7,58.2,59.84,64,کارگێری کار,تەکنیکی شەقلاوە,پۆلیتەکنیکی هەولێر
59.2,65.4,76.038,57.096,58.6,60.6,تەکنیکی تەلارسازی,تەکنیکی شەقلاوە,پۆلیتەکنیکی هەولێر
59.053,63.6,67.8,56.872,58.7,59.175,بیناکاری,تەکنیکی شەقلاوە,پۆلیتەکنیکی هەولێر
57.554,59.205,62.9,56.065,57.596,58.2,سیستەمی زانیاری کارگێری,تەکنیکی شەقلاوە,پۆلیتەکنیکی هەولێر
57.4,58.8,60.819,55.529,57,57.4,کارگێری دەزگاکانی گەشتیاری,تەکنیکی شەقلاوە,پۆلیتەکنیکی هەولێر
65.6,68.7,75.3,60.4,66,71.6,تەکنیکی کارگێری کار,تەکنیکی کارگێری هەولێر,پۆلیتەکنیکی هەولێر
,66,74.1,,63.2,68,تەکنیکی ژمێریاری,تەکنیکی کارگێری هەولێر,پۆلیتەکنیکی هەولێر
62.2,73.61,77.4,57.4,62.71,67.6,بازارگەری نێودەوڵەتی و زمان,تەکنیکی کارگێری هەولێر,پۆلیتەکنیکی هەولێر
59.4,66.8,69.8,57.6,60.857,61.8,تەکنیکی میدیا,تەکنیکی کارگێری هەولێر,پۆلیتەکنیکی هەولێر
,90.286,96.571,,87.68,90.571,دەرمانسازی,پەیمانگای تەکنیکی پزیشکی هەولێر,پۆلیتەکنیکی هەولێر
82.857,87.143,92.857,79.143,82.913,86.857,پەرستاری,پەیمانگای تەکنیکی پزیشکی هەولێر,پۆلیتەکنیکی هەولێر
82.571,86,90.286,77.714,81.973,84.286,شیکاری نەخۆشی,پەیمانگای تەکنیکی پزیشکی هەولێر,پۆلیتەکنیکی هەولێر
,90.571,93.714,,83.143,84,سڕکردن,پەیمانگای تەکنیکی پزیشکی هەولێر,پۆلیتەکنیکی هەولێر
,83.143,90,,78.857,82.906,یاریدەدەری پزیشکی ددان,پەیمانگای تەکنیکی پزیشکی هەولێر,پۆلیتەکنیکی هەولێر
,82.857,86.286,,77.143,79.467,پشکنینی چاو,پەیمانگای تەکنیکی پزیشکی هەولێر,پۆلیتەکنیکی هەولێر
,80.286,87.459,,75.95,79.182,تیشک,پەیمانگای تەکنیکی پزیشکی هەولێر,پۆلیتەکنیکی هەولێر
,76.846,84.146,,74.369,76.286,ئافرەتان و لەدایک بوون,پەیمانگای تەکنیکی پزیشکی هەولێر,پۆلیتەکنیکی هەولێر
62.6,67.4,74.524,59.4,62.2,65,تەکنیکی وەرگێران,پەیمانگای تەکنیکی کارگێری هەولێر,پۆلیتەکنیکی هەولێر
63.2,64.4,73.9,59.2,61.327,65,کارگێری کار,پەیمانگای تەکنیکی کارگێری هەولێر,پۆلیتەکنیکی هەولێر
,63.641,81.5,,61.2,64.5,کارگێری یاسا,پەیمانگای تەکنیکی کارگێری هەولێر,پۆلیتەکنیکی هەولێر
60.289,63.4,73.158,58.2,60.403,63.4,ژمێریاری,پەیمانگای تەکنیکی کارگێری هەولێر,پۆلیتەکنیکی هەولێر
60,62.4,73.2,58.2,59.6,62.248,ڕاگەیاندن,پەیمانگای تەکنیکی کارگێری هەولێر,پۆلیتەکنیکی هەولێر
58.9,61.3,69.6,57.8,59.4,62.2,کارگێری بازارگەری,پەیمانگای تەکنیکی کارگێری هەولێر,پۆلیتەکنیکی هەولێر
58.759,61.4,72.3,57.4,59.411,59.2,سیستەمی زانیاری کارگێری,پەیمانگای تەکنیکی کارگێری هەولێر,پۆلیتەکنیکی هەولێر
57.66,59.374,65.4,56.439,57.902,59.6,زانیاریەکان و کتێبخانە,پەیمانگای تەکنیکی کارگێری هەولێر,پۆلیتەکنیکی هەولێر
57.4,58.8,66.269,56.117,57.613,59.2,کارگێری دەزگاکانی گەشتیاری,پەیمانگای تەکنیکی کارگێری هەولێر,پۆلیتەکنیکی هەولێر
,61.239,79.868,,58,58.5,تەکنەلۆجیای زانیاری IT,پەیمانگای تەکنیکی چۆمان,پۆلیتەکنیکی هەولێر
,59.4,62.163,,57.525,58.2,کارگێری کار,پەیمانگای تەکنیکی چۆمان,پۆلیتەکنیکی هەولێر
,59.4,71.9,,57.4,57.4,کارگێری گومرگ,پەیمانگای تەکنیکی چۆمان,پۆلیتەکنیکی هەولێر
78.571,80,85.892,72.286,75.714,80,پەرستاری,پەیمانگای تەکنیکی سۆران,پۆلیتەکنیکی هەولێر
77.429,80.286,85.429,71.143,74.571,77.143,شیکاری نەخۆشی,پەیمانگای تەکنیکی سۆران,پۆلیتەکنیکی هەولێر
75.13,76,76.286,66.286,68.125,69.794,ئافرەتان و لەدایک بوون,پەیمانگای تەکنیکی سۆران,پۆلیتەکنیکی هەولێر
63.1,66.6,72.8,58.314,61.1,63.6,تەکنەلۆجیای زانیاری IT,پەیمانگای تەکنیکی سۆران,پۆلیتەکنیکی هەولێر
58.9,62.5,69.5,57.01,59.039,62.2,کارگێری کار,پەیمانگای تەکنیکی سۆران,پۆلیتەکنیکی هەولێر
58.818,60.1,72.854,56.4,57.868,61.017,ژمێریاری,پەیمانگای تەکنیکی سۆران,پۆلیتەکنیکی هەولێر
,,66.2,,,61.8,تەکنیکی وەرگێران,پەیمانگای تەکنیکی مێرگەسۆر,پۆلیتەکنیکی هەولێر
,,62,,,60.5,کارگێری کار,پەیمانگای تەکنیکی مێرگەسۆر,پۆلیتەکنیکی هەولێر
80.429,83.429,86.571,74,77.125,80.857,پەرستاری,پەیمانگای تەکنیکی کۆیە,پۆلیتەکنیکی هەولێر
80.857,80.571,82,73.143,75.143,77.429,پەرستاری/تەق تەق,پەیمانگای تەکنیکی کۆیە,پۆلیتەکنیکی هەولێر
79.429,85.143,82.376,71.784,74.614,77.429,شیکاری نەخۆشی,پەیمانگای تەکنیکی کۆیە,پۆلیتەکنیکی هەولێر
78.857,79.714,78,70.857,73.492,75.714,شیکاری نەخۆشی/تەق تەق,پەیمانگای تەکنیکی کۆیە,پۆلیتەکنیکی هەولێر
62.7,63.3,69,57.8,59.784,61.7,کارگێری کار,پەیمانگای تەکنیکی کۆیە,پۆلیتەکنیکی هەولێر
59.949,63.057,68.8,57,58.67,58,کارگێری کار/تەق تەق,پەیمانگای تەکنیکی کۆیە,پۆلیتەکنیکی هەولێر
77.714,79.281,76.518,68.571,70.571,71.429,تەندروستی کۆمەڵ,پەیمانگای تەکنیکی کۆیە,پۆلیتەکنیکی هەولێر
,76.857,76.571,,68.857,69.827,ئافرەتان و لەدایک بوون,پەیمانگای تەکنیکی کۆیە,پۆلیتەکنیکی هەولێر
67.7,71.9,74.352,59.614,62.718,65.228,تەکنەلۆجیای زانیاری IT,پەیمانگای تەکنیکی کۆیە,پۆلیتەکنیکی هەولێر
64.6,65.8,73.7,58,60.012,62.9,تەکنەلۆجیای نەوت/شیکاری کیمیایی,پەیمانگای تەکنیکی کۆیە,پۆلیتەکنیکی هەولێر
62,68,70.4,57.155,60.013,61.026,تەکنەلۆجیای نەوت/کارپێکردن,پەیمانگای تەکنیکی کۆیە,پۆلیتەکنیکی هەولێر
57.2,59,62.2,55.2,56.4,57.269,کارگێری دەزگاکانی گەشتیاری,پەیمانگای تەکنیکی کۆیە,پۆلیتەکنیکی هەولێر
,57.3,63.4,,57.086,63.4,بەرهەمی رووەک,پەیمانگای تەکنیکی خەبات,پۆلیتەکنیکی هەولێر
,62,71.447,,58.882,61.1,تەکنەلۆجیای زانیاری IT,پەیمانگای تەکنیکی خەبات,  پۆلیتەکنیکی هەولێر
,56.797,60,,54.698,60,پاراستنی رووەک,پەیمانگای تەکنیکی خەبات,پۆلیتەکنیکی هەولێر
,61,68,,58.6,59.93,کارگێری یاسا,پەیمانگای تەکنیکی خەبات,پۆلیتەکنیکی هەولێر
,59.407,65.404,,56.422,59.287,ئاسایشی خۆراک و تەندروستی گشتی,پەیمانگای تەکنیکی خەبات,پۆلیتەکنیکی هەولێر
,98.4,99,,98.4,98.667,پزیشکی گشتی,سکوولی پزیشکی,کۆیە
,96.2,96.733,,95.2,95.88,تەلارسازی,فاکەلتی ئەندازیاری,کۆیە
,96,97.133,,94.067,95.453,پرۆگرام سازی,فاکەلتی ئەندازیاری,کۆیە
,92.6,94.8,,90.467,93.2,شارستانی,فاکەلتی ئەندازیاری,کۆیە
,93.204,95.173,,86.584,90.38,نەوت,فاکەلتی ئەندازیاری,کۆیە
,90.32,94,,83.44,88.36,کیمیاوی,فاکەلتی ئەندازیاری,کۆیە
,81.909,81,,79.4,78.4,جیۆتەکنیک,فاکەلتی ئەندازیاری,کۆیە
,79.8,78.6,,79.8,77.4,دروست کردن,فاکەلتی ئەندازیاری,کۆیە
,96.4,97.429,,94.667,96.338,میدیکەل مایکرۆبایۆلۆجی,فاکەلتی زانست و تەندروستی,کۆیە
,90.74,93.733,,86.2,89.1,بایۆلۆجی,فاکەلتی زانست و تەندروستی,کۆیە
,86.2,90.5,,82,86.2,کیمیا,فاکەلتی زانست و تەندروستی,کۆیە
,81.143,87.6,,77.667,80.333,کلینیکەل سایکۆلۆجی,فاکەلتی زانست و تەندروستی,کۆیە
,76.827,78.8,,65.2,70.003,فیزیک,فاکەلتی زانست و تەندروستی,کۆیە
,64.5,73.7,,58.4,62.496,ماتماتیکی پیشەسازی,فاکەلتی زانست و تەندروستی,کۆیە
,83.6,88,,77.2,81.4,قانون,فاکەلتی زانستە مرۆڤایەتی کۆمەالیەتی,کۆیە
68.3,77,83.4,61.4,71.1,77.1,ئینگلیزی,فاکەلتی زانستە مرۆڤایەتی کۆمەالیەتی,کۆیە
63.45,67.3,82,57.234,62,68,کارگێری,فاکەلتی زانستە مرۆڤایەتی کۆمەالیەتی,کۆیە
,63.2,70.9,,58.335,62.2,ژمێریاری,فاکەلتی زانستە مرۆڤایەتی کۆمەالیەتی,کۆیە
71.1,78.2,85.9,64.8,74,78.3,زمانی ئینگلیزی,فاکەلتی پەروەردە,کۆیە
62.6,73.482,78.2,61.3,62.3,67,زمانی عەرەبی,فاکەلتی پەروەردە,کۆیە
60.43,68.8,77.1,55.082,59.7,65.4,مێژوو,فاکەلتی پەروەردە,کۆیە
61.6,69.9,75.4,57.5,60.9,63.8,زمانی کوردی,فاکەلتی پەروەردە,کۆیە
61.078,65.9,73.8,56.77,60.7,61.869,جوگرافیا,فاکەلتی پەروەردە,کۆیە
60.6,62.6,70.8,56.529,59.525,61.6,پەروەردە و دەروونزانی,فاکەلتی پەروەردە,کۆیە
,55,60,,55,60,پەروەردەی ئاینی,فاکەلتی پەروەردە,کۆیە
55,55,60,55,55,60,وەرزش,سکولی پەروەردەی وەرزش,کۆیە
,92.267,94.6,,89.467,92.7,ئەندازیاری شارستانی,فاکەلتی ئەندازیاری,سۆران
,89.32,94.8,,87.247,89.4,ئەندازیاری نەوت,فاکەلتی ئەندازیاری,سۆران
,87.913,92.493,,83.04,86.887,ئەندازیاری کیمیا,فاکەلتی ئەندازیاری,سۆران
,87.7,92.9,,83.6,89.4,بایۆلۆجی,فاکەلتی زانست,سۆران
,87.733,89.033,,80.213,85.923,کیمیا,فاکەلتی زانست,سۆران
,82.167,86.52,,78.567,83.2,کۆمپیوتەر,فاکەلتی زانست,سۆران
,73.9,81.908,,66.003,71.7,جیۆلۆجی نەوت,فاکەلتی زانست,سۆران
,63.5,74.288,,59,62.798,ماتماتیک,فاکەلتی زانست,سۆران
70.5,83,92.758,62.354,76.9,82.1,زمانی ئینگلیزی,فاکەلتی ئاداب,سۆران
,71.9,79.2,,68.5,73.4,زمانی عەرەبی,فاکەلتی ئاداب,سۆران
,67.8,77.3,,65.5,71,مێژوو,فاکەلتی ئاداب,سۆران
62.9,71.8,77.6,59.2,63.973,70.4,جوگرافیا,فاکەلتی ئاداب,سۆران
,64.903,71.8,,62,67.213,زمانی کوردی,فاکەلتی ئاداب,سۆران
61,65.2,68.2,58,58.8,63.4,دەرونناسی,فاکەلتی ئاداب,سۆران
58.911,60.753,65.344,56.6,57.4,62.3,کۆمەلناسی,فاکەلتی ئاداب,سۆران
66,74.6,82.634,61.7,70.9,77.3,زمانی ئینگلیزی,فاکەلتی پەروەردە/سکولی بنەرەت,سۆران
,70.36,77.24,,65.577,71.939,زانستە گشتیەکان,فاکەلتی پەروەردە/سکولی بنەرەت,سۆران
64.4,68.5,80.4,58.6,64.7,71,زانستە کۆمەڵایەتیەکان,فاکەلتی پەروەردە/سکولی بنەرەت,سۆران
62,67.875,76,58.4,63.412,69.816,زمانی کوردی,فاکەلتی پەروەردە/سکولی بنەرەت,سۆران
,63.217,69.1,,59.324,64.403,ماتماتیک,فاکەلتی پەروەردە/سکولی بنەرەت,سۆران
,55,60,,55,60,وەرزش,فاکەلتی پەروەردە/سکولی وەرزش,سۆران
,64.8,74.2,,61.6,66.8,بەرێوەبردنی کار,سکولی بەرێوەبردن,سۆران
,63.3,69.9,,57.8,62.4,ژمێریاری,سکولی بەرێوەبردن,سۆران
,84.002,89.3,,77.1,81.4,یاسا,سکولی یاسا و زانستە سیاسیەکان,سۆران
,75.8,75.7,,62.4,68.7,پەیوەندیە نێودەوڵەتیەکان,سکولی یاسا و زانستە سیاسیەکان,سۆران
,99,99.714,,98.667,99.143,پزیشکی,پزیشکی,سلێمانی
,98.071,98.667,,98,98.333,پزیشکی ددان,پزیشکی,سلێمانی
,97.714,98.333,,97.667,98,دەرمانسازی,پزیشکی,سلێمانی
,97,97.333,,95.143,96.571,پەرستاری,پزیشکی,سلێمانی
,97.333,97.44,,96.4,96.8,تەلارسازی,ئەندازیاری,سلێمانی
,95.16,96.467,,94.167,95.52,شارستانی,ئەندازیاری,سلێمانی
,93.6,94,,88.4,90.2,کارەبا,ئەندازیاری,سلێمانی
,93.38,95.533,,92,94.367,بایۆلۆجی,زانست,سلێمانی
,90.8,93.867,,88.867,91,کیمیا,زانست,سلێمانی
,86.86,89.9,,84,86.98,کۆمپیوتەر,زانست,سلێمانی
,73.961,83.224,,64.2,70.6,فیزیک,زانست,سلێمانی
,67.3,75.9,,59,65.124,جیۆلۆجی,زانست,سلێمانی
,65.248,70.6,,59.764,62.6,ماتماتیک,زانست,سلێمانی
,91.4,96.1,,86.7,91.6,یاسا,یاسا,سلێمانی
,85.2,90.7,,82.9,86.2,زمانی ئینگلیزی,زمان,سلێمانی
,82,86,,80.4,82.2,وەرگێران,زمان,سلێمانی
64.5,70.4,76,58.682,64.5,70.6,زمانی عەرەبی,زمان,سلێمانی
61,70.484,74.9,57.3,62.82,66.2,زمانی کوردی,زمان,سلێمانی
57.5,58.9,62.1,57.5,57.7,62.1,زمانی فارسی,زمان,سلێمانی
66,78.2,84.2,58.7,74.6,80.3,ئابوری,کارگێری و ئابووری,سلێمانی
69.746,75.6,82.4,64.4,71.6,77.9,کارگێری کار,کارگێری و ئابووری,سلێمانی
,71.581,78,,66.7,73,ژمێریاری,کارگێری و ئابووری,سلێمانی
62.8,70.3,76.6,58.388,65.1,71.5,کارگێری بە بازار کردن,کارگێری و ئابووری,سلێمانی
,63.8,68.7,,60.5,62.1,ئامار و زانیاری,کارگێری و ئابووری,سلێمانی
77.9,81.4,87.3,72.5,79.63,82.3,زمانی ئینگلیزی,پەروەردەی بنەرەتی,سلێمانی
,74.9,79.7,,71.322,76.4,زانستی کۆمپیوتەر,پەروەردەی بنەرەتی,سلێمانی
66.412,73.8,79.8,61.7,68.7,75.1,زمانی کوردی,پەروەردەی بنەرەتی,سلێمانی
64.376,72.4,79.2,59.1,67.611,74,زانستی کۆمەڵایەتیەکان,پەروەردەی بنەرەتی,سلێمانی
,70.3,76.1,,66.5,72.2,زانستە بیرکاریەکان,پەروەردەی بنەرەتی,سلێمانی
63.8,71,78.2,58.6,65.6,71.6,باخچەی منداڵان,پەروەردەی بنەرەتی,سلێمانی
63,73.2,75.4,57.8,65.8,70,پەروەردەی تایبەت,پەروەردەی بنەرەتی,سلێمانی
55,55,60,55,55,60,پەروەردەی هونەری,پەروەردەی بنەرەتی,سلێمانی
,79.9,85.495,,78.2,80.3,تەکنەلۆجیای زانیاری,بازرگانی,سلێمانی
,74.3,81.5,,64.8,71.1,بازرگانی نێودەولەتی,بازرگانی,سلێمانی
,72.5,73.1,,62.3,68.7,ژمێریاری دارایی و وردبین,بازرگانی,سلێمانی
,66.8,72.6,,61.7,67,زانستی دارایی و بانک,بازرگانی,سلێمانی
63.5,65.6,71.4,59.686,63.3,65.9,گەشت و گوزار,بازرگانی,سلێمانی
,63.6,69.8,,61.6,64,کارگێری پرۆژەکان,بازرگانی,سلێمانی
,68.7,69.6,,57.3,62.3,زانستی خۆراک و کۆنتڕۆڵی جۆری,زانستە ئەندازیاریە کشتوکاڵییەکان,سلێمانی
,60.3,63.3,,56.7,59.889,سامانە سروشتیەکان,زانستە ئەندازیاریە کشتوکاڵییەکان,سلێمانی
,59.2,62.2,,55.256,59.7,کارگێری کاری کشتوکالی و گەشەپێدان,زانستە ئەندازیاریە کشتوکاڵییەکان,سلێمانی
,59.24,66,,53.626,59.447,زانستی ئاژەل,زانستە ئەندازیاریە کشتوکاڵییەکان,سلێمانی
,57.229,59.1,,54.6,59.1,بایۆ تەکنەلۆجی و بەروبومی کێڵگەیی,زانستە ئەندازیاریە کشتوکاڵییەکان,سلێمانی
,58.1,63.3,,55.401,58.509,باخداری,زانستە ئەندازیاریە کشتوکاڵییەکان,سلێمانی
,62.9,65.607,,61.7,65.607,زانستی ژینگە,زانستە سروشتیەکان/چوارتا,سلێمانی
55,55,60,55,55,60,خوێندنی ئیسالمی,زانستە ئیسالمیەکان,سلێمانی
55,55,60,55,55,60,شەریعە,زانستە ئیسالمیەکان,سلێمانی
55,55,60,55,55,60,بنەماکانی ئایین,زانستە ئیسالمیەکان,سلێمانی
55,55,60,55,55,60,پەروەردەی ئاینی,زانستە ئیسالمیەکان,سلێمانی
,55,60,,55,60,فلیمسازی,هونەرە جوانەکان,سلێمانی
,55,60,,55,60,شێوەکاری,هونەرە جوانەکان,سلێمانی
,55,60,,55,60,میوزیک,هونەرە جوانەکان,سلێمانی
,73.526,80.7,,64.9,70.7,زانستە رامیاریەکان,زانستە رامیاریەکان,سلێمانی
,75.2,81.8,,65.2,69.8,سیاسەت و پەیوەندی نێودەوڵەتی,زانستە رامیاریەکان,سلێمانی
58.7,63.932,70.3,53.776,62.7,66.2,مێژوو/سەیید صادق,پەروەردە و زانستە مرۆییەکان,سلێمانی
60.097,63.676,69.3,56.209,60.7,63.3,جوگرافیا/سەیید صادق,پەروەردە و زانستە مرۆییەکان,سلێمانی
55,55,60,55,55,60,پەروەردەی وەرزش,پەروەردەی جەستەیی و وەرزشیەکان,سلێمانی
,55,60,,55,60,پەروەردەی وەرزشی بنەرەتی,پەروەردەی جەستەیی و وەرزشیەکان,سلێمانی
63.4,71.2,77.6,57.5,63.7,70,مێژوو,زانستە مرۆڤایەتیەکان,سلێمانی
,70.6,75.6,,64.2,69.6,راگەیاندن,زانستە مرۆڤایەتیەکان,سلێمانی
,75.165,74.9,,64.6,67.5,جوگرافیا,زانستە مرۆڤایەتیەکان,سلێمانی
,66.2,72.6,,63.6,66.8,کۆمەكڵناسی,زانستە مرۆڤایەتیەکان,سلێمانی
,65.8,72.1,,62.176,66.6,پەیوەندیە گشتیەکان,زانستە مرۆڤایەتیەکان,سلێمانی
,64.4,68,,61.2,65.6,شوێنەوار,زانستە مرۆڤایەتیەکان,سلێمانی
,64.4,70.6,,63,64.8,کاری کۆمەڵایەتیەکان,زانستە مرۆڤایەتیەکان,سلێمانی
,61.6,64.2,,59.2,62.2,فەلسەفە و توێژینەوە و کلتووریەکان,زانستە مرۆڤایەتیەکان,سلێمانی
,81,87.3,,78.7,83.8,بایۆلۆجی,پەروەردە,سلێمانی
,78.1,83.889,,76.3,80.3,کیمیا,پەروەردە,سلێمانی
,74.3,80.6,,71.1,76.6,فیزیک,پەروەردە,سلێمانی
,74.1,80.5,,69.67,75.8,ماتماتیک,پەروەردە,سلێمانی
,97.143,97.667,,96.4,97.2,تەکنیکی بێهۆشکاری,تەکنیکی تەندروستی و پزیشکی,پۆلیتەکنیکی سلێمانی
,96.667,97.667,,96.333,96.857,شیکاری نەخۆشی,تەکنیکی تەندروستی و پزیشکی,پۆلیتەکنیکی سلێمانی
,95.306,96.4,,94.667,95.838,پەرستاری,تەکنیکی تەندروستی و پزیشکی,پۆلیتەکنیکی سلێمانی
,91.967,94.533,,90.246,92.233,ئەندازیاری گەیاندن,تەکنیکی ئەندازیاری,پۆلیتەکنیکی سلێمانی
,88.12,91.96,,85.2,88.153,نەوت و ووزە,تەکنیکی ئەندازیاری,پۆلیتەکنیکی سلێمانی
,85.833,89.4,,83.6,87.067,پالنسازی شار,تەکنیکی ئەندازیاری,پۆلیتەکنیکی سلێمانی
,86.733,92.16,,84.76,86.92,میکانیک,تەکنیکی ئەندازیاری,پۆلیتەکنیکی سلێمانی
,83.396,89.967,,79.32,81.4,توانای کارەبا,تەکنیکی ئەندازیاری,پۆلیتەکنیکی سلێمانی
,89.8,93.6,,86.2,90.4,تەکنەلۆجیای زانیاری,تەکنیکی ئینفۆرماتیک سلێمانی,پۆلیتەکنیکی سلێمانی
,82.167,87.167,,79.333,83.267,تەکنەلۆجیای داتابەیس,تەکنیکی ئینفۆرماتیک سلێمانی,پۆلیتەکنیکی سلێمانی
,80.167,88.9,,76.733,81,تۆڕەکانی کۆمپیوتەر,تەکنیکی ئینفۆرماتیک سلێمانی,پۆلیتەکنیکی سلێمانی
,89.767,96.571,,85.143,91.425,شیکاری نەخۆشی,تەکنیکی کەلار,پۆلیتەکنیکی سلێمانی
,87.143,90.286,,82.286,85.143,پەرستاری,تەکنیکی کەلار,پۆلیتەکنیکی سلێمانی
,71.429,82.571,,68,71.714,ڤێتێرنەری,تەکنیکی کەلار,پۆلیتەکنیکی سلێمانی
60.7,67.8,76.6,57.8,63.1,67.3,تەکنەلۆجیای زانیاری IT,تەکنیکی کەلار,پۆلیتەکنیکی سلێمانی
61.5,64.6,73.2,58.8,62.1,63.3,کارگێری کار,تەکنیکی کەلار,پۆلیتەکنیکی سلێمانی
,64.7,76.9,,59.7,62.2,رووپێوی,تەکنیکی کەلار,پۆلیتەکنیکی سلێمانی
,59.5,65.1,,57.6,58.115,کارەبا,تەکنیکی کەلار,پۆلیتەکنیکی سلێمانی
57.467,59.041,66.365,55.777,57.364,57.948,کارگێری پرۆژە کشتوکالیەکان,تەکنیکی کەلار,پۆلیتەکنیکی سلێمانی
,93.714,95.333,,92,94.333,زانستی تاقیگەی پزیشکی,تەکنیکی زانستە پراکتیکی/هەڵەبجە,پۆلیتەکنیکی سلێمانی
,57.623,60.581,,56,60.022,کارگێری پرۆژە کشتوکاڵیەکان,تەکنیکی زانستە پراکتیکی/هەڵەبجە,پۆلیتەکنیکی سلێمانی
,62.1,66.3,,57.7,58.206,زانستی خۆراک و کۆنتڕۆڵی جۆری,تەکنیکی زانستە پراکتیکی/هەڵەبجە,پۆلیتەکنیکی سلێمانی
,71.3,77.122,,66.9,72.4,تەکنیکی کارگێری کار,تەکنیکی کارگێری سلێمانی,پۆلیتەکنیکی سلێمانی
,66,74,,63.2,65.647,پەیوەندیە گشتیەکان و بازارگەری,تەکنیکی کارگێری سلێمانی,پۆلیتەکنیکی سلێمانی
,68.8,70.4,,62,64.41,تەکنیکی میدیا,تەکنیکی کارگێری سلێمانی,پۆلیتەکنیکی سلێمانی
,66.1,72.9,,62.6,64.3,تەکنیکی ژمێریاری,تەکنیکی کارگێری سلێمانی,پۆلیتەکنیکی سلێمانی
,91.97,95.143,,90.571,92.302,دەرمانسازی,پەیمانگای تەکنیکی سلێمانی,پۆلیتەکنیکی سلێمانی
,89.143,96,,86.857,89.429,سڕکردن,پەیمانگای تەکنیکی سلێمانی,پۆلیتەکنیکی سلێمانی
,87.429,92.857,80,85.429,88.947,شیکاری نەخۆشی,پەیمانگای تەکنیکی سلێمانی,پۆلیتەکنیکی سلێمانی
,88.286,95.429,81,86.286,88.571,پەرستاری,پەیمانگای تەکنیکی سلێمانی,پۆلیتەکنیکی سلێمانی
,84.571,94.571,,82.286,86,پەرستاری ددان,پەیمانگای تەکنیکی سلێمانی,پۆلیتەکنیکی سلێمانی
,84.571,90.857,,83.246,84.857,تیشک,پەیمانگای تەکنیکی سلێمانی,پۆلیتەکنیکی سلێمانی
,82.857,88.571,,81.143,83.93,پەرستاری منداڵان,پەیمانگای تەکنیکی سلێمانی,پۆلیتەکنیکی سلێمانی
,81.143,87.714,,80,82.857,پەرستاری/پێنجوێن,پەیمانگای تەکنیکی سلێمانی,پۆلیتەکنیکی سلێمانی
,79.833,85.486,,78.571,81.429,ژنان و منداڵ بوون,پەیمانگای تەکنیکی سلێمانی,پۆلیتەکنیکی سلێمانی
,80.286,84,76,79.143,80.857,تەندروستی کۆمەڵ,پەیمانگای تەکنیکی سلێمانی,پۆلیتەکنیکی سلێمانی
,74.3,81.8,,70.624,74.5,تەکنیکی تەلارسازی,پەیمانگای تەکنیکی سلێمانی,پۆلیتەکنیکی سلێمانی
,67.9,82.6,,64.1,69.4,رووپێوی,پەیمانگای تەکنیکی سلێمانی,پۆلیتەکنیکی سلێمانی
64.8,69,76.9,62.1,65.1,67.2,کارگێری کار,پەیمانگای تەکنیکی سلێمانی,پۆلیتەکنیکی سلێمانی
61.4,64.927,75.3,59.1,62.122,64.2,ژمێریاری,پەیمانگای تەکنیکی سلێمانی,پۆلیتەکنیکی سلێمانی
62.188,65.4,75,60.2,62.259,64,تەکنیکی میدیا,پەیمانگای تەکنیکی سلێمانی,پۆلیتەکنیکی سلێمانی
63.4,63.976,72.529,58.619,61,63.4,گەیاندن,پەیمانگای تەکنیکی سلێمانی,پۆلیتەکنیکی سلێمانی
,63.334,78.3,,59.4,63,میکانیک/کاد کام,پەیمانگای تەکنیکی سلێمانی,پۆلیتەکنیکی سلێمانی
,65,74.7,,60.5,62.3,کارگێری کار/پێنجوێن,پەیمانگای تەکنیکی سلێمانی,پۆلیتەکنیکی سلێمانی
68.5,75.3,92.2,65.1,72.3,75.991,IT,پەیمانگای تەکنیکی زانستی کۆمپیوتەر,پۆلیتەکنیکی سلێمانی
65.3,72.1,78,62.8,69.302,72.34,نێت وۆرک,پەیمانگای تەکنیکی زانستی کۆمپیوتەر,پۆلیتەکنیکی سلێمانی
64.5,69.9,76.9,62,67,71.2,سیستەمەکانی داتا بەیس,پەیمانگای تەکنیکی زانستی کۆمپیوتەر,پۆلیتەکنیکی سلێمانی
,83.429,88.857,,81.143,85.714,شیکاری نەخۆشی,پەیمانگای تەکنیکی هەڵەبجە,پۆلیتەکنیکی سلێمانی
,82,88.385,,80.857,85.429,پەرستاری,پەیمانگای تەکنیکی هەڵەبجە,پۆلیتەکنیکی سلێمانی
62.849,68.202,80.7,58.9,64.7,68.9,تەکنەلۆجیای زانیاری IT,پەیمانگای تەکنیکی هەڵەبجە,پۆلیتەکنیکی سلێمانی
60.082,62.1,72.9,58.1,60.6,63.1,کارگێری کار,پەیمانگای تەکنیکی هەڵەبجە,پۆلیتەکنیکی سلێمانی
57.8,60.2,68.7,56.1,58,59.924,ژمێریاری,پەیمانگای تەکنیکی هەڵەبجە,پۆلیتەکنیکی سلێمانی
,84.571,92.286,,82.286,85.714,پەرستاری,پەیمانگای تەکنیکی چەمچەماڵ,پۆلیتەکنیکی سلێمانی
61.65,66.7,78,57.977,63.309,67.6,تەکنەلۆجیای زانیاری IT,پەیمانگای تەکنیکی چەمچەماڵ,پۆلیتەکنیکی سلێمانی
63.923,63.4,75.7,58,60.5,63.43,کارگێری کار,پەیمانگای تەکنیکی چەمچەماڵ,پۆلیتەکنیکی سلێمانی
57.8,60.6,72.1,56.5,58.1,61.4,ژمێریاری,پەیمانگای تەکنیکی چەمچەماڵ,پۆلیتەکنیکی سلێمانی
,67.733,68.2,,57.4,58.8,تەئسیساتی کارەبا,پەیمانگای تەکنیکی چەمچەماڵ,پۆلیتەکنیکی سلێمانی
,82,90.571,,80.286,84.286,پەرستاری,پەیمانگای تەکنیکی دەربەندیخان,پۆلیتەکنیکی سلێمانی
61.296,64.8,74.9,58,62.525,65.1,زانستی کۆمپیوتەر,پەیمانگای تەکنیکی دەربەندیخان,پۆلیتەکنیکی سلێمانی
61.355,61.8,81.8,57.8,59.8,62.6,کارگێری کار,پەیمانگای تەکنیکی دەربەندیخان,پۆلیتەکنیکی سلێمانی
,59.818,73.9,,58.715,61,رووپێوی,پەیمانگای تەکنیکی دەربەندیخان,پۆلیتەکنیکی سلێمانی
,60.4,65.1,,57.368,59.4,کارەبا,پەیمانگای تەکنیکی دەربەندیخان,پۆلیتەکنیکی سلێمانی
56.787,59.446,65.4,55.8,57.4,58.9,ژمێریاری,پەیمانگای تەکنیکی دەربەندیخان,پۆلیتەکنیکی سلێمانی
62.1,68.2,76.2,59.672,63.5,69,تەکنەلۆجیای زانیاری IT,پەیمانگای تەکنیکی دووکان,پۆلیتەکنیکی سلێمانی
60.658,63.8,73.2,58.8,61.9,65,کارگێری کار,پەیمانگای تەکنیکی دووکان,پۆلیتەکنیکی سلێمانی
60.3,62.721,74.2,58.5,61.3,64.2,کارگێری بانکەکان,پەیمانگای تەکنیکی دووکان,پۆلیتەکنیکی سلێمانی
59.418,61.4,68.4,58.2,60,62.4,پەیوەندیە گشتییەکان و بازارگەری,پەیمانگای تەکنیکی دووکان,پۆلیتەکنیکی سلێمانی
58.237,60.6,67.9,57.2,59,61.5,ژمێریاری,پەیمانگای تەکنیکی دووکان,پۆلیتەکنیکی سلێمانی
,60.394,67.5,,58.416,59.6,کارگێری ئەلیکترۆنی,پەیمانگای تەکنیکی بەکرەجۆ,پۆلیتەکنیکی سلێمانی
,58.6,65,,57.409,59.583,کشتوکالیە داپۆشراوەکان,پەیمانگای تەکنیکی بەکرەجۆ,پۆلیتەکنیکی سلێمانی
,60.5,66.5,,58.7,59.098,باخداری و دیزاینی دیمەنی سروشتی,پەیمانگای تەکنیکی بەکرەجۆ,پۆلیتەکنیکی سلێمانی
,61,73,,58.6,59,زانستی خۆراک و کۆنتڕۆڵی جۆری,پەیمانگای تەکنیکی بەکرەجۆ,پۆلیتەکنیکی سلێمانی
,98.571,99,,98.4,98.8,پزیشکی,پزیشکی,گەرمیان
,89.96,94.812,,86.267,90.6,ئەندازیاری شارستانی,ئەندازیاری,گەرمیان
,85.26,90.8,,84.05,88.6,کیمیا,زانست,گەرمیان
,80.133,84.933,,73.171,79.1,زانستی کۆمپیوتەر,زانست,گەرمیان
,68.2,77.6,,61.9,68.3,خانەقینIT/,کۆمپیوتەر و تەکنەلۆجیای زانیاری,گەرمیان
,63.5,69.9,,58.7,63.082,خانەقینNetwork/,کۆمپیوتەر و تەکنەلۆجیای زانیاری,گەرمیان
,84.7,90,,81.3,85,یاسا,یاسا,گەرمیان
,72.1,77.7,,67.5,70.6,زمانی ئینگلیزی,زمان و زانستە مرۆڤایەتیەکان/خانقین,گەرمیان
,63.332,66.7,,59.114,64.5,جوگرافیا,زمان و زانستە مرۆڤایەتیەکان/خانقین,گەرمیان
,62.24,65.8,,58.458,63.2,دەروونناسی,زمان و زانستە مرۆڤایەتیەکان/خانقین,گەرمیان
,67.241,69.5,,62.814,62.4,زمانی عەرەبی,زمان و زانستە مرۆڤایەتیەکان/خانقین,گەرمیان
,64.405,67.6,,58.224,62.1,زمانی کوردی,زمان و زانستە مرۆڤایەتیەکان/خانقین,گەرمیان
75.565,82.1,86.6,70.3,77.8,79.5,زمانی ئینگلیزی,پەروەردە,گەرمیان
,76.5,82.498,,73.1,78.9,بایۆلۆجی,پەروەردە,گەرمیان
,74.206,79.9,,71.548,77.5,کیمیا,پەروەردە,گەرمیان
,72.7,76.4,,66.2,72.4,فیزیک,پەروەردە,گەرمیان
,75,78.311,,66.1,72.1,زمانی عەرەبی,پەروەردە,گەرمیان
,69.5,75.3,,63.9,70,ماتماتیک,پەروەردە,گەرمیان
,68.1,74,,62.1,68.4,زمانی کوردی,پەروەردە,گەرمیان
62,67.4,74.4,58.2,63,66.6,دەروونناسی,پەروەردە,گەرمیان
,62.9,74,,62.9,66.447,مێژوو,پەروەردە,گەرمیان
,65.7,71.6,,59.895,64.7,جوگرافیا,پەروەردە,گەرمیان
,67.2,71.8,,63.4,68.3,زمانی عەرەبی,پەروەردەی بنەرەتی,گەرمیان
62.714,65.8,73.4,60,63.4,66.986,باخچەی منداڵان,پەروەردەی بنەرەتی,گەرمیان
60.8,67.952,72.6,59.3,60,66.3,زمانی کوردی,پەروەردەی بنەرەتی,گەرمیان
60.2,62.6,69.2,57.3,59.7,64.888,زانستی کۆمەڵایەتیەکان,پەروەردەی بنەرەتی,گەرمیان
,55,60,,55,60,پەروەردەی وەرزش/کەلار,پەروەردەی بنەرەتی,گەرمیان
55,55,60,55,55,60,زانستە وەرزشیەکان/ خانەقین,جەستەیی و زانستە مرۆڤاییەتیەکان,گەرمیان
,58.937,59.4,,55.897,58.829,سامانی ئاژەڵ/ کفری,زانستە ئەندازیاریە کشتوکاڵییەکان,گەرمیان
,95,96.667,,93,95.667,پەرستاری,پەرستاری,ڕاپەرین
,89.68,93.44,,87.133,90.4,ئەندازیاری شارستانی,سەرۆکایەتی زانکۆی ڕاپەرین,ڕاپەرین
,92.857,95.714,,91.333,95.333,زانستی تاقیگەی پزیشکی,زانست,ڕاپەرین
,89.767,94.067,,88.5,92.667,بایۆلۆجی,زانست,ڕاپەرین
,88.033,91.54,,85.1,89.62,کیمیا,زانست,ڕاپەرین
,72.4,78.4,,71.1,72.616,فیزیای گشتی و کرداری,زانست,ڕاپەرین
72.051,78.1,82.1,67.7,75,79,زمانی ئینگلیزی,پەروەردەی بنەرەت,ڕاپەرین
,72.4,78.4,,66.698,72.6,باخچەی ساوایان,پەروەردەی بنەرەت,ڕاپەرین
,70.3,78,,66.8,72.2,زانستی کۆمپیوتەر,پەروەردەی بنەرەت,ڕاپەرین
63.2,68.1,75.2,57,64.6,70.4,زمانی کوردی,پەروەردەی بنەرەت,ڕاپەرین
,70.2,75.8,,62.807,69,ماتماتیک,پەروەردەی بنەرەت,ڕاپەرین
61.2,67.5,73.8,59.1,62.2,68.6,زمانی عەرەبی بۆ قسەکەرانی بیانی,پەروەردەی بنەرەت,ڕاپەرین
72.5,80.1,84.5,66.9,76.2,80.4,زمانی ئینگلیزی,پەروەردە / قەالدزێ,ڕاپەرین
62.85,71,77.8,57.9,65.5,71.2,زمانی عەرەبی,پەروەردە / قەالدزێ,ڕاپەرین
64.45,67.8,73.2,58.7,63.656,69.1,زمانی کوردی,پەروەردە / قەالدزێ,ڕاپەرین
,67.2,72.6,,61.2,67.4,پەروەردە و دەرون زانی,پەروەردە / قەالدزێ,ڕاپەرین
,61.4,67.9,,58.2,61.2,سامانی ئاژەڵ,زانستە ئەندازیاریە کشتوکاڵییەکان,ڕاپەرین
,60.4,66.7,,57.251,58.94,باخداری,زانستە ئەندازیاریە کشتوکاڵییەکان,ڕاپەرین
,84.8,90,,82.5,85.6,یاسا,زانستە مرۆڤایەتیەکان,ڕاپەرین
,75.2,81.6,,73.4,76.6,Dept.of Business managrmrnt,زانستە مرۆڤایەتیەکان,ڕاپەرین
62.627,70.1,74.4,58.6,65.214,69.3,مێژوو,زانستە مرۆڤایەتیەکان,ڕاپەرین
63.9,67.9,73.3,59.6,65.2,68.9,جوگرافیا,زانستە مرۆڤایەتیەکان,ڕاپەرین
,,,,,,چەرمۆ,,
,92.333,95.429,,91,94.333,زانستی تاقیگەی پزیشکی,زانستە کرداری و تەندروستیەکان,چەرمۆ
,89.767,93.333,,88.4,92.5,کیمیای دەرمانسازی,زانستە کرداری و تەندروستیەکان,چەرمۆ
,80.2,88.6,,73.7,79.909,فیزیای پزیشکی,زانستە کرداری و تەندروستیەکان,چەرمۆ
,80.667,87.6,,72.36,75.3,کیمیای کرداری,زانستە کرداری و تەندروستیەکان,چەرمۆ
,75.1,81.1,,66.46,69.236,کۆمپیوتەری کرداری,زانستە کرداری و تەندروستیەکان,چەرمۆ
,78.5,83.1,,74.1,78.7,زمانی ئینگلیزی,زمان,چەرمۆ
60,60.1,64.1,60,60.1,65.2,لێکۆڵینەوەی کوردی,زمان,چەرمۆ
67.2,70.8,70.4,67.2,58.2,63,زمانی عەرەبی بۆ قسەکەرانی بیانی,زمان,چەرمۆ
64.2,68.4,77.3,57.7,62,68.2,کارگێری گشتی,کارگێری گشتی بەرێوەبردنی سروشتی,چەرمۆ
,60.2,69.6,,60,63.7,ژمێریاری,کارگێری گشتی بەرێوەبردنی سروشتی,چەرمۆ
,66.9,70.6,,58.8,62.1,کارگێری گاز و نەوت و ووزە,کارگێری گشتی بەرێوەبردنی سروشتی,چەرمۆ
,91.8,95.498,,88.367,92.967,ئەندازیاری شارستانی,سەرۆکایەتی زانکۆی هەڵەبجە,هەڵەبجە
,80.433,86.367,,74.4,80.7,کۆمپیوتەر,زانست,هەڵەبجە
,68.8,74.2,,60.053,63,فیزیک,زانست,هەڵەبجە
,85.6,90.5,,83.1,86.2,یاسا,یاسا و کارگێری,هەڵەبجە
69,72.1,76.361,58.055,62.5,65.7,بازرگانی نێودەولەتی,یاسا و کارگێری,هەڵەبجە
,72.4,75.8,,59.9,64.4,سیاسەت و پەیوەندی نێودەولەتی,یاسا و کارگێری,هەڵەبجە
72.2,77.8,82.1,67.738,75.06,79.3,زمانی ئینگلیزی,پەروەردەی بنەرەت,هەڵەبجە
,67.4,76.7,,65.3,71.1,زمانی عەرەبی,پەروەردەی بنەرەت,هەڵەبجە
60,65.8,71.9,57.2,59.141,64.6,زانستە کۆمەڵایەتیەکان,پەروەردەی بنەرەت,هەڵەبجە
,64,68.9,,61.1,65.4,جوگرافیا,زانستە مرۆڤایەتیەکان,هەڵەبجە
,62.8,69.1,,60.2,64.6,مێژوو,زانستە مرۆڤایەتیەکان,هەڵەبجە
,62.6,70.8,,57.4,62,راگەیاندن,زانستە مرۆڤایەتیەکان,هەڵەبجە
,55,60,,55,60,بنەماکانی ئایین,زانستە مرۆڤایەتیەکان,هەڵەبجە
,55,60,,55,60,پەروەردەی وەرزش,پەروەردەی جەستەی و وەرزشیەکان,هەڵەبجە
63,68.009,71.8,57.301,63.4,66.2,شارەزوور/زمانی کوردی,پەروەردەی شارەزوور,هەڵەبجە
60.847,68.917,70.6,57.4,62,65.4,باخچەی منداڵان,پەروەردەی شارەزوور,هەڵەبجە
57.43,61.8,63.2,56.488,59.4,63.8,گەشەپێدانی مرۆیی,پەروەردەی شارەزوور,هەڵەبجە
,98.4,99.143,,97,98.012,پزیشکی,NULL,دهۆک
,97.855,98.286,,96.333,96.8,پزیشکی ددان,NULL,دهۆک
,97.6,98,,95.75,96.299,دەرمانسازی,NULL,دهۆک
,94.333,96,,92.4,95.143,پەرستاری,NULL,دهۆک
,88,92.04,,77.333,82.924,پزیشکی ڤێتێرنەری,NULL,دهۆک
,95.429,96.079,,93.714,95,زانستی البوری پزیشکی,زانستە تەندروستی,دهۆک
,96,96.667,,94.051,94.667,زانستی سرکردن,زانستە تەندروستی,دهۆک
,95.92,96.639,,95.1,95.533,تەلارسازی,ئەندازیاری,دهۆک
,93.72,95.1,,91.633,93.48,شارستانی,ئەندازیاری,دهۆک
,91.8,93.6,,87.933,91.36,کارەبا و کۆمپیوتەر,ئەندازیاری,دهۆک
,86.7,93.667,,83.2,88.2,میکانیک,ئەندازیاری,دهۆک
,,91,,,78.841,بایۆمیدیکەل / دوو بڕوانامە,ئەندازیاری,دهۆک
,87.833,92.567,,84.88,89.133,زیندەوەرزانی,زانست,دهۆک
,84.1,88.733,,82.033,87,کیما,زانست,دهۆک
,81.333,85.9,,77.3,82.167,زانستی کۆمپیوتەر,زانست,دهۆک
,78.009,84.1,,74.4,80.3,فیزیک,زانست,دهۆک
,73.8,79.8,,71.3,76.395,ماتماتیک,زانست,دهۆک
,72.6,78.75,,69.102,73,زەوی ناسی,زانست,دهۆک
,87.216,91.9,,82.8,87.4,یاسا,یاسا,دهۆک
,84.1,89.9,,78.1,84.4,زمانی ئینگلیزی,زمان,دهۆک
,80.2,85.698,,77.2,83,وەرگێران,زمان,دهۆک
,68.4,74.816,,65.057,69.994,زمانی کوردی,زمان,دهۆک
,74,79.8,,68.9,75.3,ئابوری,کارگێری و ئابوری,دهۆک
,71.8,77.116,,67,72.2,کارگێری کار,کارگێری و ئابوری,دهۆک
,67.8,75.6,,64,68.4,ژمێریاری,کارگێری و ئابوری,دهۆک
,64.8,69,,62.4,67,کارگێری گوزار و ئوتیلگری,کارگێری و ئابوری,دهۆک
,63.667,68.395,,62,65.8,زانستی دارایی و بانکی,کارگێری و ئابوری,دهۆک
,61.938,66.5,,60.7,64.117,ئامار,کارگێری و ئابوری,دهۆک
,76.541,82,,73.7,79,زمانی ئینگلیزی,پەروەردەی بنەرەتی,دهۆک
,73.227,79.1,,68.1,74.5,زمانی عەرەبی,پەروەردەی بنەرەتی,دهۆک
,72.6,78.2,,68.2,74,جوگرافیا,پەروەردەی بنەرەتی,دهۆک
,72.6,78,,68.2,73.9,مێژوو,پەروەردەی بنەرەتی,دهۆک
,68.3,77.2,,66.92,73.32,زانستەکان,پەروەردەی بنەرەتی,دهۆک
,71.76,73.5,,64.8,70.6,زمانی کوردی,پەروەردەی بنەرەتی,دهۆک
,68,73.6,,65.5,70.114,ماتماتیک,پەروەردەی بنەرەتی,دهۆک
,64.729,69.6,,62.8,67.6,رابەریا پەروەردەیی,پەروەردەی بنەرەتی,دهۆک
,64.357,70.8,,62.6,67.6,پەروەردەی تایبەت,پەروەردەی بنەرەتی,دهۆک
,73.5,78.6,,68.8,75.1,زمانی ئینگلیزی,پەروەردەی بنەرەتی/ئامێدی,دهۆک
,66.6,72.3,,64.72,70.7,کۆمەڵایەتیەکان,پەروەردەی بنەرەتی/ئامێدی,دهۆک
,64.4,66.958,,60.578,63.922,بەربوومی کێڵگەیی,زانستە ئەندازیاریە کشتوکاڵییەکان,دهۆک
,60.741,67,,58.43,63.433,بەرهەمی گیانەوەری,زانستە ئەندازیاریە کشتوکاڵییەکان,دهۆک
,60.264,66.1,,58.734,62.8,خاک و ئاو,زانستە ئەندازیاریە کشتوکاڵییەکان,دهۆک
,61.2,65.1,,58.7,62.634,بیستانکاری,زانستە ئەندازیاریە کشتوکاڵییەکان,دهۆک
,62.1,65,,57.7,62.4,پاراستنی رووەک,زانستە ئەندازیاریە کشتوکاڵییەکان,دهۆک
,58.6,63.214,,57.7,61.496,دارستان,زانستە ئەندازیاریە کشتوکاڵییەکان,دهۆک
,58.157,62.3,,57.643,61.2,شیرەتکاریا چاندنی و جڤاکی گوندایەتی,زانستە ئەندازیاریە کشتوکاڵییەکان,دهۆک
,57.894,62.942,,57.697,60.869,گەشتیاری توریزمی ژینگەیی,زانستە ئەندازیاریە کشتوکاڵییەکان,دهۆک
,78.8,82.7,,73.7,79.9,نێودەوڵەتیەکان و دیبلۆماسی,زانستی سیاسی,دهۆک
,74.746,82.509,,71.095,77.4,سیستەمی سیاسی و سیاسەتا گشتی,زانستی سیاسی,دهۆک
,73.3,79,,68.4,74.5,جوگرافیا,زانستی مرۆڤایەتی,دهۆک
,71.6,77.9,,68.5,73.9,مێژوو,زانستی مرۆڤایەتی,دهۆک
,71.91,78.309,,67,73.2,دەرونناسی,زانستی مرۆڤایەتی,دهۆک
,68.5,72.1,,65.4,70.7,شوێنەوار,زانستی مرۆڤایەتی,دهۆک
,65.3,70.225,,64.6,68.836,خوێندنی ئاشتی و مافی مرۆڤ,زانستی مرۆڤایەتی,دهۆک
,66.8,71.04,,63.631,67.5,کۆمەڵناسی,زانستی مرۆڤایەتی,دهۆک
,55,60,,60,60,پەروەردەی ئایینی ,زانستی مرۆڤایەتی,دهۆک
,55,60,,60,60,دراما,زانستی مرۆڤایەتی,دهۆک
,55,60,,60,60,شێوەکاری,زانستی مرۆڤایەتی,دهۆک
,,74.2,,70.74,70.74,پلان دانانا جهی ٥ – ساڵ - دوو بڕوانامە,پلان دانانا جهی,دهۆک
,80,85.5,,79.6,79.6,زمانی ئینگلیزی ,پەروەردە - ئاکرێ,دهۆک
,73,80.4,,76.7,76.7,زیندەوەرزانی ,پەروەردە - ئاکرێ,دهۆک
,71.8,78.8,,74.6,74.6,مێژوو ,پەروەردە - ئاکرێ,دهۆک
,72.748,80.4,,74.1,74.1,زمانی عەرەبی ,پەروەردە - ئاکرێ,دهۆک
,69.749,77,,71.9,71.9,زمانی کوردی ,پەروەردە - ئاکرێ,دهۆک
,67.784,74,,69.7,69.7,ماتماتیک ,پەروەردە - ئاکرێ,دهۆک
,55,60,,60,60,پەروەردەی ئایینی ,پەروەردە - ئاکرێ,دهۆک
,55,60,,60,60,پەروەدەی جەستەیی و وەرزشیەکان,پەروەدەی جەستەیی و وەرزشیەکان,دهۆک
,95.528,95.333,,90.286,93.143,پەرستاری ,تەکنیکی تەندروستی و پزیشکی شێخان ,پۆڵیتەکنیکی دهۆک
,95,93,,85.143,89.667,تەندروستی گشتی  ,تەکنیکی تەندروستی و پزیشکی شێخان ,پۆڵیتەکنیکی دهۆک
,87.96,91.88,,84.74,89.645,ئەندازیاری  کیمیاوی,ﺗﻪﮐﻨﻴﮑﯽ ئەندازیاری  دهۆک,پۆڵیتەکنیکی دهۆک
,87.72,90.8,,83.717,88.698,ڕێگا و بان,ﺗﻪﮐﻨﻴﮑﯽ ئەندازیاری  دهۆک,پۆڵیتەکنیکی دهۆک
,83.4,88.3,,80.928,85.173,ووزە,ﺗﻪﮐﻨﻴﮑﯽ ئەندازیاری  دهۆک,پۆڵیتەکنیکی دهۆک
,80.6,86.1,,75.8,82.2,جیۆلۆجی پترۆل,ﺗﻪﮐﻨﻴﮑﯽ پترۆل و کانزاکانی زاخۆ,پۆڵیتەکنیکی دهۆک
64.5,68.3,73.4,61.073,64.4,69.2,کارگێری کار ,ﺗﻪﮐﻨﻴﮑﯽ ﺋﺎﮐﺮێ ,پۆڵیتەکنیکی دهۆک
,61.1,64.9,,59.4,61.029,رەزگەری,ﺗﻪﮐﻨﻴﮑﯽ ﺋﺎﮐﺮێ ,پۆڵیتەکنیکی دهۆک
,75.6,82.1,,66.2,71.4,تەکنەلۆجیای زانیاری ,ﺗﻪﮐﻨﻴﮑﯽ ئینفۆرماتیک ﺋﺎﮐﺮێ ,پۆڵیتەکنیکی دهۆک
,71.333,76.367,,62.9,67.067,تۆڕی کۆمپیوتەری پاراستنی زانیاری ,ﺗﻪﮐﻨﻴﮑﯽ ئینفۆرماتیک ﺋﺎﮐﺮێ ,پۆڵیتەکنیکی دهۆک
65.6,66.5,71.3,62,64.996,69.646,ﺗﻪﮐﻨﻴﮑﯽ کارگێری کار ,ﺗﻪﮐﻨﻴﮑﯽ کارگێری دهۆک,پۆڵیتەکنیکی دهۆک
,67.503,72.5,,63.281,67.7,تەکنەلۆجیای زانیاری کارگێری ,ﺗﻪﮐﻨﻴﮑﯽ کارگێری دهۆک,پۆڵیتەکنیکی دهۆک
,64.411,68.1,,61.797,64.4,تەکنەلۆجیای ژمێریاری ,ﺗﻪﮐﻨﻴﮑﯽ کارگێری دهۆک,پۆڵیتەکنیکی دهۆک
90.286,90,93.239,82,84.907,88.056,دەرمانسازی ,پەیمانگای ﺗﻪﮐﻨﻴﮑﯽ دهۆک,پۆڵیتەکنیکی دهۆک
81.429,81.478,88.041,75.218,78.913,84,پەرستاری - نەخوشەڤانی,پەیمانگای ﺗﻪﮐﻨﻴﮑﯽ دهۆک,پۆڵیتەکنیکی دهۆک
68.213,71.9,77.5,61.3,63.578,66.8,ڕووپێوی ,پەیمانگای ﺗﻪﮐﻨﻴﮑﯽ دهۆک,پۆڵیتەکنیکی دهۆک
63.1,64.4,72.441,59.5,61.6,65.2,تەکنەلۆجیای بیناکاری ,پەیمانگای ﺗﻪﮐﻨﻴﮑﯽ دهۆک,پۆڵیتەکنیکی دهۆک
61.046,63.1,72.629,59.515,61.4,64.736,پیشەسازی تەکنەلۆجیا,پەیمانگای ﺗﻪﮐﻨﻴﮑﯽ دهۆک,پۆڵیتەکنیکی دهۆک
,65.8,72.9,,63.9,67.9,کارگێری کار ,پەیمانگای ﺗﻪﮐﻨﻴﮑﯽ کارگێری دهۆک,پۆڵیتەکنیکی دهۆک
,61.957,70.6,,60.251,62.7,ژمێریاری ,پەیمانگای ﺗﻪﮐﻨﻴﮑﯽ کارگێری دهۆک,پۆڵیتەکنیکی دهۆک
,61,68.7,,59.6,61.818,ﺳﻴﺴﺘﻪﻣﯽ زانیاری کارگێری ,پەیمانگای ﺗﻪﮐﻨﻴﮑﯽ کارگێری دهۆک,پۆڵیتەکنیکی دهۆک
77.143,78.857,89.143,73.35,77.143,80.571,پەرستاری - نەخوشەڤانی,پەیمانگای ﺗﻪﮐﻨﻴﮑﯽ ﺋﺎﮐﺮێ ,پۆڵیتەکنیکی دهۆک
63.241,66.3,77.2,60.6,63.6,67.964,کارگێری ﻳﺎﺳﺎ ,پەیمانگای ﺗﻪﮐﻨﻴﮑﯽ ﺋﺎﮐﺮێ ,پۆڵیتەکنیکی دهۆک
60.595,63.4,70.9,58.433,60.888,63.3,ڕووپێوی ,پەیمانگای ﺗﻪﮐﻨﻴﮑﯽ ﺋﺎﮐﺮێ ,پۆڵیتەکنیکی دهۆک
61,68.287,70.4,58.335,60.3,62.951,تەکنەلۆجیای زانیاری IT ,پەیمانگای ﺗﻪﮐﻨﻴﮑﯽ ﺋﺎﮐﺮێ ,پۆڵیتەکنیکی دهۆک
,75.4,84.688,,73.8,77.91,تەکنەلۆجیای تاقیگەی نوژداری,پەیمانگای تەکنیکی ئامێدی,پۆڵیتەکنیکی دهۆک
60.2,63.3,70.601,59.2,61.6,66.5,کارگێری کار ,پەیمانگای تەکنیکی ئامێدی ,پۆڵیتەکنیکی دهۆک
,61.352,68.7,,60.518,65.6,کارگێری ﺑﺎﺯﺍﺭﮔﻪﺭ ﯼ ,پەیمانگای تەکنیکی ئامێدی,پۆڵیتەکنیکی دهۆک
59,61.345,68.1,57.765,59.6,64.467,کارگێری ﮔﻪﺷﺘﻴﺎﺭﯼ ,پەیمانگای تەکنیکی ئامێدی ,پۆڵیتەکنیکی دهۆک
58.935,61.704,66.4,57.785,59.939,61.94,تەکنەلۆجیای زانیاری IT ,پەیمانگای تەکنیکی ئامێدی ,پۆڵیتەکنیکی دهۆک
,77.429,87.143,,75.429,79.429,پەرستاری - نەخوشەڤانی,پەیمانگای تەکنیکی بەردەرەش ,پۆڵیتەکنیکی دهۆک
61,63.3,77.9,59.1,61.451,66,کارگێری کار ,پەیمانگای تەکنیکی بەردەرەش ,پۆڵیتەکنیکی دهۆک
,61.5,75.901,,59.3,62.5,تۆڕەکانی ﮐﯚﻣﭙﻴﻮﺗﻪﺭ ,پەیمانگای تەکنیکی بەردەرەش ,پۆڵیتەکنیکی دهۆک
58.244,61.081,71.6,57.046,59.5,62.2,تەکنەلۆجیای زانیاری IT ,پەیمانگای تەکنیکی بەردەرەش ,پۆڵیتەکنیکی دهۆک
,59.441,65.7,,58.183,60.9,ژمێریاری ,پەیمانگای تەکنیکی بەردەرەش ,پۆڵیتەکنیکی دهۆک
76.857,80.548,89,73.329,77.773,82.096,پەرستاری - نەخوشەڤانی,پەیمانگای تەکنیکی زاخۆ,پۆڵیتەکنیکی دهۆک
80.1,78.4,87.143,72.1,75.945,80.6,تەکنەلۆجیای تاقیگەی نوژداری,پەیمانگای تەکنیکی زاخۆ,پۆڵیتەکنیکی دهۆک
66.8,70.5,80.3,62.867,67.3,72.2,پترۆل,پەیمانگای تەکنیکی زاخۆ,پۆڵیتەکنیکی دهۆک
62.8,65.5,75.666,60.8,63.39,67.5,کارگێری کار ,پەیمانگای تەکنیکی زاخۆ,پۆڵیتەکنیکی دهۆک
61.944,64.7,72.779,60.1,61.6,65.7,تەکنەلۆجیای زانیاری IT ,پەیمانگای تەکنیکی زاخۆ,پۆڵیتەکنیکی دهۆک
60.496,66.5,66.681,57.6,59,61.6,ﭼﺎﻧﺪﻧﯽ ﭘﺎﺭﺍﺳﺘﯽ ,پەیمانگای تەکنیکی زاخۆ,پۆڵیتەکنیکی دهۆک
72.75,74.334,82.8,68.8,70.7,72.529,کارگێری تەندروستی ,پەیمانگای تەکنیکی شەنگال  ,پۆڵیتەکنیکی دهۆک
57.5,59.502,66.023,56.367,58.394,60.7,ژمێریاری ,پەیمانگای تەکنیکی شەنگال  ,پۆڵیتەکنیکی دهۆک
60.93,63.7,69.9,59.5,62.6,66.1,کارگێری کار ,پەیمانگای تەکنیکی شێخان,پۆڵیتەکنیکی دهۆک
59.404,60.79,68.7,57.2,59.006,61.966,تەکنەلۆجیای زانیاری IT ,پەیمانگای تەکنیکی شێخان,پۆڵیتەکنیکی دهۆک